{"all":{"min":31.82,"max":99.23,"mean":67.0920689655},"host#HOST1#% Free Memory avg 1 h":{"min":77.85,"max":77.89,"mean":77.8625},"host#HOST2#% Free Memory avg 1 h":{"min":77.69,"max":77.73,"mean":77.7083333333},"host#HOST3#% Free Memory avg 1 h":{"min":77.75,"max":77.79,"mean":77.7741666667},"host#HOST4#% Free Memory avg 1 h":{"min":78.03,"max":78.06,"mean":78.045},"host#HOST5#% Free Memory avg 1 h":{"min":85.92,"max":87.47,"mean":86.8425},"host#HOST6#% Free Memory avg 1 h":{"min":93.28,"max":93.64,"mean":93.495},"host#HOST7#% Free Memory avg 1 h":{"min":96.5,"max":96.83,"mean":96.6829166667},"host#HOST8#% Free Memory avg 1 h":{"min":90.07,"max":92.09,"mean":90.8079166667},"host#HOST9#% Free Memory avg 1 h":{"min":96.1,"max":96.52,"mean":96.3491304348},"host#HOST10#% Free Memory avg 1 h":{"min":99.23,"max":99.57,"mean":99.404},"host#HOST11#% Free Memory avg 1 h":{"min":94.84,"max":94.98,"mean":94.90125},"host#HOST12#% Free Memory avg 1 h":{"min":54.27,"max":54.84,"mean":54.76625},"host#HOST13#% Free Memory avg 1 h":{"min":39.54,"max":40.8,"mean":40.5229166667},"host#HOST14#% Free Memory avg 1 h":{"min":51.16,"max":51.38,"mean":51.2741666667},"host#HOST15#% Free Memory avg 1 h":{"min":81.26,"max":81.3,"mean":81.28875},"host#HOST16#% Free Memory avg 1 h":{"min":85.09,"max":93.46,"mean":92.1025},"host#HOST17#% Free Memory avg 1 h":{"min":60.58,"max":61.2,"mean":61.1695833333},"host#HOST18#% Free Memory avg 1 h":{"min":79.35,"max":97.42,"mean":82.9829166667},"host#HOST19#% Free Memory avg 1 h":{"min":82.42,"max":83.14,"mean":82.7708333333},"host#HOST20#% Free Memory avg 1 h":{"min":71.12,"max":73.03,"mean":71.9241666667},"host#HOST21#% Free Memory avg 1 h":{"min":54.34,"max":61.11,"mean":57.6916666667},"host#HOST22#% Free Memory avg 1 h":{"min":57.55,"max":61.31,"mean":59.9829166667},"host#HOST23#% Free Memory avg 1 h":{"min":35.76,"max":41.91,"mean":37.3520833333},"host#HOST24#% Free Memory avg 1 h":{"min":33.64,"max":40.69,"mean":36.76},"host#HOST25#% Free Memory avg 1 h":{"min":32.32,"max":45.79,"mean":36.95625},"host#HOST26#% Free Memory avg 1 h":{"min":41.43,"max":46.13,"mean":43.36375},"host#HOST27#% Free Memory avg 1 h":{"min":43.53,"max":47.21,"mean":45.06625},"host#HOST28#% Free Memory avg 1 h":{"min":43.23,"max":49.01,"mean":45.6383333333},"host#HOST29#% Free Memory avg 1 h":{"min":31.82,"max":41.61,"mean":36.3654545455}}